{"triplane_resolution": 2048, "triplane_voxel_size": 0.001953125, "sparse_grid_resolution": 512, "sparse_grid_voxel_size": 0.0078125, "range_features": [-7.0, 7.0], "range_density": [-14.0, 14.0], "data_block_size": 8, "atlas_width": 1305, "atlas_height": 1251, "atlas_depth": 9, "num_slices": 9, "slice_depth": 1, "0_weights": [[-0.6444344520568848, 3.21588397026062, -3.6184566020965576, -0.2416132390499115, -0.8849428296089172, 0.3013279139995575, 0.1737791746854782, -0.24630700051784515, -3.2701516151428223, 0.6921533346176147, -0.11475125700235367, -0.840617835521698, -1.1748600006103516, 0.14502982795238495, -0.6238996982574463, 0.6316397190093994], [1.7405999898910522, -1.8220981359481812, 0.00010280744754709303, 0.3663499057292938, 0.8824684023857117, -1.103901743888855, 0.9137676954269409, -0.18905049562454224, 0.0561959408223629, 0.42996707558631897, -1.9667268991470337, -1.1490063667297363, 0.39691027998924255, 0.5945990681648254, -0.5383830070495605, 0.03289271891117096], [2.571225881576538, -0.1440057009458542, -1.998172640800476, 0.19869156181812286, -1.988081455230713, -3.659728527069092, -0.6510759592056274, -0.23901204764842987, 0.6100362539291382, -0.5927653312683105, -2.6168975830078125, -2.8572731018066406, -0.062045443803071976, 0.64938884973526, -0.8536446690559387, -0.9918377995491028], [0.7809709906578064, 0.4592881202697754, -0.1756821572780609, -0.13449294865131378, 0.3964916169643402, 0.8020898699760437, 0.78696608543396, 0.08631644397974014, -1.1374742984771729, -0.8846961855888367, -0.11987617611885071, -0.7418864965438843, 1.0016498565673828, 0.9532240629196167, 0.8278893828392029, 0.18524467945098877], [0.08896994590759277, -0.26323822140693665, 0.05080703645944595, -0.34550940990448, -0.38198575377464294, -2.8223719596862793, 0.8210614323616028, -0.43477553129196167, 0.33690211176872253, 1.6232836246490479, 0.24780023097991943, 0.09696025401353836, 0.9844188690185547, 0.9406734704971313, 0.31725746393203735, 2.5773935317993164], [1.6443861722946167, 0.9395331740379333, -0.07958377152681351, -0.1306990534067154, 1.6892952919006348, 1.8448877334594727, 1.0355446338653564, -0.3449060618877411, 0.1153663918375969, 0.484663724899292, -11.566875457763672, 0.27648109197616577, 1.8313268423080444, 1.8440788984298706, -0.6593145132064819, -0.022688381373882294], [0.42194071412086487, 0.05451280251145363, 0.65362548828125, -0.10483043640851974, -1.6053376197814941, -0.9251977205276489, -0.040785256773233414, 0.05858103558421135, 0.2137376368045807, -1.9398714303970337, -9.314428329467773, 0.489497572183609, 0.26302430033683777, 0.7603105902671814, 1.8297557830810547, 0.3725391924381256], [-0.16327300667762756, 0.013149578124284744, -0.3077136278152466, 0.11440075933933258, 0.3726575970649719, -0.05297563970088959, -0.3656943738460541, -0.3659290671348572, 0.22592557966709137, -0.24105526506900787, -0.2625094950199127, 0.1711185872554779, 0.22696471214294434, 0.6384355425834656, 0.018238389864563942, 0.0763995572924614], [-0.05737500265240669, -0.09633171558380127, -0.15395449101924896, -0.2161962240934372, -0.008610064163804054, -0.024307556450366974, 0.36454930901527405, 0.07667026668787003, -0.518468976020813, -0.2969202995300293, 0.4548115134239197, 0.2479948252439499, -0.10651884973049164, 0.32825642824172974, 0.21214216947555542, 0.030750218778848648], [0.38954704999923706, 0.16274482011795044, 0.08053264766931534, 0.41884636878967285, 0.2933720350265503, 0.18386109173297882, 0.07140343636274338, 0.3077917993068695, 0.2720606327056885, -0.032187264412641525, 0.4222342073917389, -0.2581048607826233, -0.32190051674842834, -0.10237140953540802, -0.10826964676380157, -0.06688451766967773], [0.09215135127305984, -0.3542248606681824, -0.47906050086021423, -0.07480702549219131, -0.26925674080848694, -0.14665593206882477, -0.2731042206287384, -0.08178237825632095, -0.25550463795661926, 0.42694318294525146, -0.07113325595855713, 0.08347128331661224, -0.11642871797084808, -0.1413573920726776, -0.0575830340385437, -0.38264256715774536], [-0.49308693408966064, -0.13139833509922028, -0.8071117401123047, 0.10763941705226898, 0.37605786323547363, 0.12260561436414719, 0.5010184645652771, -0.2445680797100067, -0.03293966129422188, -0.7253738045692444, 0.21829929947853088, -0.19460470974445343, 0.29358312487602234, 0.15153564512729645, 0.23833902180194855, 0.00449182977899909], [-0.3052001893520355, 0.04730740934610367, 0.019587835296988487, 0.0006902310415171087, -0.2878143787384033, -0.2701192796230316, 0.2840867340564728, 0.12143418937921524, -0.07841850817203522, 0.22677414119243622, 0.4677049517631531, -0.004043101333081722, 0.2714047133922577, 0.3616677522659302, 0.21586191654205322, 0.5434074997901917], [0.0032966516446322203, 0.18052273988723755, 0.41175809502601624, 0.19057616591453552, 0.021180743351578712, 0.2924361228942871, 0.25606897473335266, 0.23400600254535675, -0.25040122866630554, -0.019406689330935478, -0.7423418760299683, -0.35120269656181335, -0.11263695359230042, -0.23538725078105927, -0.15528778731822968, 0.06395480036735535], [-0.10221821814775467, 0.15727917850017548, -0.35435450077056885, 0.060899876058101654, -0.34311777353286743, -0.05547131225466728, 0.6032363176345825, -0.030723130330443382, 0.022390300408005714, -0.26428723335266113, 0.41418740153312683, 0.4048956334590912, 0.0088127963244915, -0.47953155636787415, 0.015853475779294968, 0.09535923600196838], [0.3803073763847351, -0.03823815658688545, 0.07791803032159805, 0.18717384338378906, 0.02920650690793991, -0.023882780224084854, -0.02638521045446396, 0.12950178980827332, 0.16923239827156067, -0.20713403820991516, -0.2939835488796234, -0.025186287239193916, -0.1506112962961197, 0.16055871546268463, 0.2499360889196396, 0.4034003019332886], [0.0775100365281105, 0.006383988074958324, 0.3083203136920929, 0.24135619401931763, 0.06768172234296799, -0.06437550485134125, -0.09597697854042053, -0.26431360840797424, 0.18025003373622894, 0.1742868274450302, 0.8311700224876404, -0.2501548230648041, 0.07062681019306183, 0.03710396960377693, 0.4382994472980499, 0.03598061576485634], [-0.027532391250133514, -0.03098255768418312, 0.3131183087825775, 0.14271415770053864, -0.039553478360176086, 0.03141086548566818, -0.15999388694763184, 0.04354340583086014, -0.11920208483934402, 0.1431543231010437, -0.1265120953321457, 0.533072829246521, 0.024885231629014015, 0.09885591268539429, -0.13417480885982513, -0.018685296177864075], [-0.04879004508256912, -0.15594923496246338, 0.5784128308296204, 0.024853821843862534, -0.11587760597467422, -0.39046695828437805, -0.36372339725494385, 0.1856711059808731, 0.41202300786972046, -0.3718438744544983, -0.4608635902404785, -0.16854478418827057, -0.37254610657691956, -0.10678200423717499, -0.13373816013336182, -0.2473512887954712], [-0.03483984246850014, 0.010127668268978596, 0.16832749545574188, -0.31921592354774475, 0.24600647389888763, -0.04104456678032875, 0.03288960084319115, 0.08097703009843826, -0.01297786459326744, 0.0007729831850156188, -0.041175976395606995, -0.18506553769111633, 0.03701985627412796, -0.0044025639072060585, 0.15998892486095428, 0.007491318043321371], [0.00706352898851037, 0.028439078480005264, 0.04240156337618828, -0.27350595593452454, -0.05117155984044075, 0.017715321853756905, -0.07804177701473236, 0.22423629462718964, 0.09618744254112244, 0.051320988684892654, 0.09260770678520203, -0.08058425784111023, 0.03484645113348961, -0.021402152255177498, -0.13212426006793976, 0.04390474408864975], [-0.013914594426751137, 0.01997228153049946, 0.48244449496269226, -0.15060235559940338, 0.18129436671733856, 0.25321802496910095, -0.13121557235717773, -0.02812901698052883, 0.2727244198322296, 0.020596850663423538, -0.05326453968882561, 0.18314199149608612, 0.020342253148555756, -0.07233021408319473, -0.22930766642093658, -0.040383122861385345], [0.1225670799612999, -0.1786513328552246, -0.3640197217464447, -0.36218127608299255, -0.19359663128852844, -0.45397183299064636, 0.24872219562530518, -0.060093045234680176, 