{"triplane_resolution": 2048, "triplane_voxel_size": 0.001953125, "sparse_grid_resolution": 512, "sparse_grid_voxel_size": 0.0078125, "range_features": [-7.0, 7.0], "range_density": [-14.0, 14.0], "data_block_size": 8, "atlas_width": 1800, "atlas_height": 513, "atlas_depth": 9, "num_slices": 9, "slice_depth": 1, "0_weights": [[-1.5310852527618408, 0.7868824005126953, 0.04335629194974899, -0.0946458950638771, 0.2243717610836029, 0.8178273439407349, 0.4056597948074341, -0.16785524785518646, -0.4998336732387543, 0.48517751693725586, -0.539587140083313, -0.24624419212341309, 0.15254458785057068, -0.0005172924720682204, -1.2278207540512085, -2.097215175628662], [-0.021302491426467896, 1.9344680309295654, 0.13783374428749084, 0.37334826588630676, 0.4253135621547699, 0.13289901614189148, 0.8968114852905273, 0.636801540851593, -0.8418349027633667, -1.2178517580032349, 0.9505578875541687, 0.6490160226821899, 0.8515370488166809, 0.4839748442173004, 0.2641187608242035, 0.36141806840896606], [-0.16035161912441254, -1.3411093950271606, 1.2782526016235352, -1.0321784019470215, 0.9811941385269165, 0.8386335968971252, 0.9026650190353394, 1.4071820974349976, -0.5023264288902283, -0.4300542175769806, 0.07660006731748581, 0.7541441917419434, 1.1256297826766968, 0.4287627637386322, -0.5377486944198608, -1.192194938659668], [6.646673679351807, 0.7889682054519653, -0.04910466447472572, -4.985673427581787, 2.0169577598571777, 0.34761470556259155, 1.0138651132583618, -0.29232048988342285, -0.769203782081604, -3.388577938079834, -0.989445149898529, -3.4796066284179688, 0.7716576457023621, 2.7006466388702393, -2.4101672172546387, -1.3152329921722412], [-0.8081046342849731, -0.19845141470432281, -0.744820773601532, -0.13352972269058228, -0.5286318063735962, -2.756141424179077, -0.39781707525253296, 0.5638603568077087, -0.2966603934764862, -0.1299223005771637, 0.8251962661743164, 1.3381178379058838, -0.5313108563423157, -0.6136923432350159, 0.6670357584953308, 0.08665534108877182], [1.6069104671478271, -0.4663841724395752, 1.0975406169891357, 0.16580674052238464, 0.3560127913951874, 0.7146974205970764, 0.45667600631713867, -0.30973678827285767, -0.55897057056427, -0.30542948842048645, -7.5193281173706055, -5.6297736167907715, 0.29695385694503784, 0.8410199880599976, -0.4887238144874573, -0.23160283267498016], [-0.14466872811317444, -0.4431743323802948, 0.025478478521108627, -1.2882030010223389, -6.053396224975586, 0.5592965483665466, 0.8558385968208313, 1.1090011596679688, -0.2616652548313141, -6.196109294891357, -1.0378073453903198, -1.0031131505966187, -0.6907901167869568, 0.7925648093223572, -0.6062182784080505, -0.16563665866851807], [-0.42394980788230896, 0.43009915947914124, -0.43659383058547974, 0.1775183528661728, 0.2909921705722809, 0.133597731590271, 0.0516175702214241, -0.4791508913040161, -0.3292137384414673, -0.15077733993530273, 0.04902910813689232, 0.31812921166419983, 0.2788304388523102, 0.6205757260322571, 0.03765685856342316, 0.11608719080686569], [0.20416328310966492, 0.13797864317893982, 0.2608503997325897, -0.09335476160049438, -0.08750870823860168, -0.21031515300273895, 0.18585364520549774, -0.315444678068161, -0.403478741645813, 0.1698124259710312, 0.3264772295951843, 0.09205850213766098, -0.3308241069316864, 0.21174518764019012, 0.028014658018946648, -0.20745402574539185], [-0.24390512704849243, 0.43384692072868347, -0.2553248703479767, 0.01072092354297638, 0.3770907521247864, 0.15627151727676392, -0.3019847273826599, 0.17980238795280457, 0.5188819169998169, -0.23492442071437836, 0.21529263257980347, -0.662914514541626, 0.11242344975471497, -0.19367505609989166, -0.23723751306533813, -0.3240640163421631], [-0.02463666722178459, -0.0753544494509697, -0.6509138345718384, -0.015847165137529373, -0.3291786313056946, -0.025903480127453804, -0.04427068307995796, -0.2161802351474762, -0.767812967300415, 0.4166836738586426, 0.27175745368003845, 0.1947902888059616, -0.006693983916193247, -0.08878248929977417, 0.0783081203699112, -0.33661818504333496], [-0.1995621770620346, 0.04210846498608589, -0.40415918827056885, 0.21892903745174408, 0.3127363324165344, -0.028640177100896835, 0.3035421073436737, -0.6207654476165771, -0.06895875185728073, -0.2528832256793976, 0.11291737854480743, -0.422303169965744, 0.16044951975345612, 0.09315969794988632, 0.07877744734287262, -0.21420249342918396], [-0.9118620157241821, 0.3134663999080658, -0.26931777596473694, -0.4152613580226898, -0.2301904410123825, -0.29621943831443787, -0.06737931072711945, 0.01961333490908146, 0.1561618596315384, 0.048476021736860275, 0.31165409088134766, -0.4224928617477417, 0.6720839738845825, 0.2662072479724884, 0.08618184924125671, 0.3043597340583801], [0.2667725682258606, 0.07246288657188416, 0.08687178045511246, 0.22842155396938324, 0.03072039783000946, 0.21280239522457123, -0.022539490833878517, 0.037004921585321426, -0.6348300576210022, -0.33353590965270996, -0.3583245575428009, -0.3346690535545349, 0.16353757679462433, 0.02668210305273533, 0.3264245092868805, 0.12040437757968903], [0.2818368971347809, 0.16562001407146454, -0.008329727686941624, 0.13231877982616425, -0.35979753732681274, -0.10456374287605286, 0.3742910921573639, -0.35610610246658325, -0.4701796770095825, 0.21544604003429413, 0.3787078857421875, -0.01995478756725788, 0.13241133093833923, -0.3849011957645416, -0.0700644999742508, -0.06043621152639389], [-0.13616444170475006, 0.21363882720470428, -0.07758007943630219, -0.2499397099018097, 0.018897591158747673, -0.047730810940265656, -0.31805309653282166, 0.10382166504859924, 0.36934977769851685, -0.31860223412513733, -0.3063663840293884, -0.48312899470329285, 0.1527465581893921, 0.05673385411500931, 0.12061487883329391, 0.22332796454429626], [-0.07774695754051208, -0.01949666254222393, 0.2834632992744446, 0.0302786473184824, 0.15686634182929993, -0.07883775234222412, 0.011573915369808674, -0.2482730597257614, 0.23901696503162384, 0.009465169161558151, -0.12429812550544739, 0.2865542471408844, -0.06592420488595963, 0.07335666567087173, 0.6732025146484375, 0.00377983832731843], [-0.14228735864162445, 0.09256371855735779, -0.28573909401893616, -0.2483939826488495, -0.2309044897556305, -0.29228079319000244, 0.44367045164108276, -0.09595280140638351, -0.1734350025653839, 0.3224313259124756, -0.022067630663514137, 0.5074940919876099, -0.14128705859184265, -0.26433345675468445, 0.0887981727719307, 0.12487372756004333], [-0.03866041824221611, 0.03938983008265495, 0.6810079216957092, -0.463279128074646, -0.23748792707920074, -0.4369361698627472, -0.5290306210517883, 0.44598066806793213, 0.4890716075897217, -0.3380877375602722, -0.05187799409031868, -0.7472787499427795, -0.39914047718048096, -0.17148633301258087, -0.23176583647727966, -0.11984875053167343], [0.004994290415197611, -0.06446094810962677, -0.07704267650842667, -0.09397479146718979, 0.01722795143723488, 0.019455133005976677, 0.0063696494325995445, 0.8295849561691284, -0.06919146329164505, 0.0012749030720442533, 0.045072127133607864, 0.17110675573349, -0.05006195977330208, 0.017129790037870407, -0.0949212983250618, 0.00268246466293931], [-0.03158609941601753, -0.06267623603343964, -0.12022961676120758, -0.3389627933502197, -0.06851185858249664, -0.18799693882465363, -0.05882665887475014, -0.147783100605011, -0.016716666519641876, -0.05467787757515907, -0.3065705895423889, 0.2780396342277527, -0.433694988489151, -0.040687914937734604, -0.008661656640470028, 0.04493917524814606], [-0.6369765996932983, 0.17350614070892334, 0.308761328458786, -0.35653090476989746, -0.036179739981889725, 0.08304727077484131, -0.04507899656891823, 0.8092406392097473, 0.43217286467552185, -0.02762773260474205, 0.2861959934234619, 0.43757855892181396, 0.3415977358818054, -0.22299519181251526, 0.11775906383991241, 0.08421461284160614], [0.29820170998573303, -0.25656765699386597, -0.4875377118587494, -0.043394386768341064, -0.4309851825237274, -0.5046888589859009, 0.417284220457077, -0.4018220901489258, 0.23578618466854095, 0.09280050545930862, 